max_log_abs_mdot_donor,max_rel_RL,max_rel_RL_time,result,CE_flag,M_1f(Msun),M_2f(Msun),m1_f,Porb_f(d),tmerge(Gyr),e_post,a_post,a_pre,log_L_1,log_T_1,He_core_1(Msun),C_core_1(Msun),O_core_1(Msun)log_L_2,log_T_2,He_core_2(Msun),C_core_2(Msun),max_log_mdot_donor,surface_h1,surface_he4,m1,m2,initial_period_in_days,O_core_1(Msun)
-7.391151992310009,0.36033252875468036,1128.5495789389986,ZAMS_RLOF,-,-,-,-,-,-,-,-,-,-,-,-,-,-,-,-,-,-,-,-,20.0000,21.0000,0.7900,
-2.894004623323799,0.134273241991723,10143127.967163177,error,0,8.947253040549995,34.52179260058391,1.4,12.832775400151379,-,-,-,81.08251504245399,-,-,5.575176572277604,0.0,-,-,-,-,-,-,-,20.0000,31.0000,2.5100,0.0
-3.427626137333829,-0.010493912376868432,9657810.396451162,wide_binary,0,9.756335187970093,21.523367285056516,1.4,5941.062036205764,285101903628.8428,0.3645334947548255,6842.650827609517,4348.27540803402,5.410939363598506,3.737421070007239,8.429698067482155,4.946667412105799,-,-,-,-,-,0.3930103672941784,0.593183063453914,20.0000,21.0000,2511.8900,8.256787356961492
-2.745644593627281,0.11577887591966615,9708675.565101555,error,0,8.647854635334234,9.176988906941455,1.4,7.270247757579348,-,-,-,41.24406825524854,-,-,6.485228857593087,0.0,-,-,-,-,-,-,-,20.0000,9.0000,7.9400,0.0
-2.364180794845995,0.03496437005080311,9651997.99511488,wide_binary,0,8.923942112516825,13.100888030917087,1.4,1510.7739903008437,20020302146.094803,0.5188607826275988,3227.1553988820574,1552.7110229572322,5.4105559639540415,3.9151624797940867,8.405342989536196,5.0182095593388185,-,-,-,-,-,0.3548739179315626,0.631360018399151,20.0000,13.0000,794.3300,8.144790154505769
-2.549504209731901,0.1437228040990293,9652005.97324226,error,0,11.04424545978628,23.026545948251403,1.4,716.6597443378571,-,-,-,1092.252032143278,-,-,7.071057649400924,0.0,-,-,-,-,-,-,-,20.0000,23.0000,251.1900,0.0
-3.176738542711791,-0.0061876470958103285,9656565.1106373,wide_binary,0,9.338778890745832,19.382665831380358,1.4,5965.77973276146,333741793463.24384,0.3819904027306661,6857.594452233846,4238.059185661458,5.418049081427589,3.7940384184039444,8.505355948590587,5.040678457126343,-,-,-,-,-,0.39186691310507593,0.5943436708309804,20.0000,19.0000,2511.8900,8.338822457685302
-2.470955652562762,0.15023558598683018,9651728.417356458,wide_binary,0,8.947569693836419,19.165296366925162,1.4,778.1630201964925,1380849992.924518,0.3670051507730785,1709.7608614887552,1082.269818732166,5.405017683974623,3.851122149723736,8.320987669692025,4.971207622526331,-,-,-,-,-,0.3711854385331462,0.6150286492310306,20.0000,19.0000,251.1900,8.114715328983193
-2.460783750630189,0.010380271743550277,9652493.68365752,wide_binary,0,9.29169537995753,21.295031171446468,1.4,3906.374413705362,87370294916.18988,0.3477278934027811,5003.242483798073,3263.4755147236715,5.412631432191969,3.793962683506654,8.452613720022935,5.014124305194149,-,-,-,-,-,0.3799460036315076,0.6062698479758396,20.0000,21.0000,1412.5400,8.190930817295381
-2.43244500726132,0.22572594121902617,9651150.972491493,wide_binary,0,8.521030525104536,27.23677665631204,1.4,596.3250860166551,318472562.2482586,0.2486673207172892,1306.9736970138883,981.9720495294747,5.4073834538614465,4.192511123689743,8.289950506166521,5.005953796908629,-,-,-,-,-,0.3297745285627383,0.6565055884636668,20.0000,27.0000,141.2500,8.122486005177976
-2.4811085693609263,0.2732780595796855,9650179.049806114,wide_binary,0,7.796263464068487,25.343329434703122,1.4,117.70971356515903,4234785.748027647,0.23917229452247893,426.60347284292175,324.5717413918222,5.375462981406301,4.985294708770436,7.796263464068487,4.934736792195049,-,-,-,-,-,1.4103259400762836e-15,0.9863959395446207,20.0000,25.0000,25.1200,7.591358915063825
7.240964254350645e-10,5.850959867119577,9648770.71220744,CE_merger,1,-,-,-,-,-,-,-,-,-,-,-,-,-,-,-,-,-,-,-,20.0000,3.0000,44.6700,
-2.2591119582172023,0.08609751061314887,9651187.52920546,wide_binary,0,8.434854609522386,19.114511255484093,1.4,1455.9833447020962,6632970807.309251,0.34292089740338205,2484.146850148308,1632.2809830136657,5.411155417523731,4.772116740897424,8.308711776655777,5.021784156715212,-,-,-,-,-,0.20285707999718083,0.7835249634320379,20.0000,19.0000,446.6800,8.064837535622873
-2.8832342520362984,0.16339747978218547,9705689.826415624,error,0,9.234899728355039,25.707757958450305,1.4,35.87790101550647,-,-,-,149.62015837501374,-,-,6.3409097928899705,0.0,-,-,-,-,-,-,-,20.0000,25.0000,7.9400,0.0
-2.4615096699619863,0.21857599477577067,9651057.675602874,wide_binary,0,8.558411661200765,33.29484822478059,1.4,668.2386978224429,310607898.3259829,0.20632491644935047,1406.7217825518026,1116.48002829932,5.401694476889576,4.142283838181632,8.277674613131802,4.985522745267462,-,-,-,-,-,0.34471137631866616,0.6415549613224619,20.0000,33.0000,141.2500,8.070048223700544
-2.3709339417290116,0.09968542715610734,9396449.505645221,wide_binary,0,6.187506896143755,7.151243422913378,1.4,4.152779332686622,5426.774856217083,0.559860906697551,58.568097967510155,25.778109535868936,5.247479285154642,4.932902815314583,6.187506896143755,3.914795643989027,-,-,-,-,-,5.165935508277849e-38,0.9863982568420834,20.0000,7.0000,7.9400,5.925934994023667
-2.3836428112677397,0.010216817600307217,9651795.210328417,wide_binary,0,9.453018560465603,29.383189978124502,1.4,4581.181555973992,73617606904.4883,0.2616044200158702,5322.24630942106,3929.9231504633576,5.429861834637526,3.8162285574373507,8.651901604424005,5.135128937097546,-,-,-,-,-,0.38904401804509287,0.5971767969394112,20.0000,29.0000,1412.5400,8.467583744293776
-3.287050718857558,0.12861942721186573,12620305.313207207,error,0,5.405182029601766,19.845964846567394,1.4,11.542900422632883,-,-,-,63.041100033007076,-,-,3.782065278346827,0.0,-,-,-,-,-,-,-,20.0000,15.0000,1.4100,0.0
-2.4702606539045475,0.2194442696902804,9650941.46321221,wide_binary,0,8.70777278615895,31.303981086333934,1.4,624.9970788370923,293009658.2343408,0.22345208575272366,1354.5645667797673,1051.8842890460937,5.40704409913203,4.045503083678993,8.32952625446673,5.011784071006485,-,-,-,-,-,0.3565869293098863,0.6296422561577898,20.0000,31.0000,141.2500,8.136950104420695
-2.6670977780952203,0.21768747500978886,9651117.37769341,wide_binary,0,8.039490298227836,29.65769518384125,1.4,71.65921618781839,902541.0078010972,0.21377923438704685,309.54701111015055,243.372288068224,5.386931901212711,4.963215721168847,8.039490298227836,4.948712429641712,-,-,-,-,-,1.7974651235525193e-06,0.9863921583766614,20.0000,29.0000,14.1300,7.761001583737845
-2.462333126764851,0.2795045832554495,9651033.688407425,wide_binary,0,8.480522292861576,29.313322419023724,1.4,362.72029591695593,74149828.98657161,0.23053586311052846,933.2256357915514,718.0836583674745,5.399100722805088,4.179371440910971,8.243093753227674,4.954386575132123,-,-,-,-,-,0.3378665173024901,0.6484035345726592,20.0000,29.0000,79.4300,8.031830905091942
-2.3446003015643635,0.010757317907495345,9651262.234490411,wide_binary,0,9.20432136758004,35.434871070184094,1.4,4978.820205067338,64669899785.11201,0.21187318268903108,5521.3729164491415,4351.542063828043,5.428876208466557,3.9859849449623255,8.71245130240735,5.193261170065745,-,-,-,-,-,0.3564333037822876,0.6298246418784003,20.0000,35.0000,1412.5400,8.54883341462717
-1.2915642616479515,0.07499888684442424,9665791.45203641,wide_binary,0,9.249274197773733,11.139485661699606,1.4,3610.844484486404,363111759104.1425,0.6259646056894042,7232.307333958965,2705.1389254327555,5.4135883462955,3.8008125980204364,8.427107101746993,4.985522745269166,-,-,-,-,-,0.37203375746310596,0.6141862787851065,20.0000,11.0000,2511.8900,8.162890380400533
-7.391151874043729,0.27303905117777266,1128.5496206897596,ZAMS_RLOF,-,-,-,-,-,-,-,-,-,-,-,-,-,-,-,-,-,-,-,-,20.0000,9.0000,0.7900,
-1.7749658480535397,0.3287884057447333,9653278.089495502,wide_binary,0,6.841613857135237,3.0260126955797793,1.4,1.3646510027570355,10000000000.0,1.2294618726624376,-48.38323258901417,11.102107155337471,5.298581880963595,4.965020442539517,6.841613857135237,4.503202750636398,-,-,-,-,-,1.5451037948921533e-17,0.9863966503040219,20.0000,3.0000,794.3300,6.52565178327087
-2.480693710401893,0.22995211226605938,9650538.988838835,wide_binary,0,7.862292698214123,11.12710194580267,1.4,41.447077825422475,1517632.2201977526,0.515864940364709,277.6642058061621,134.42697683655206,5.372393757984996,4.97454031973611,7.862292698214123,4.9405323595054345,-,-,-,-,-,2.661210559461483e-09,0.9863951635741818,20.0000,11.0000,25.1200,7.5468180140142795
-7.391152036476487,0.3871398871457857,1128.549671891618,ZAMS_RLOF,-,-,-,-,-,-,-,-,-,-,-,-,-,-,-,-,-,-,-,-,20.0000,31.0000,0.7900,
1.727309590329992e-05,2.577264793646291,9652698.975158108,CE_merger,1,-,-,-,-,-,-,-,-,-,-,-,-,-,-,-,-,-,-,-,20.0000,3.0000,1412.5400,
1.0899214757835106e-11,1.5676999325206882,7614150.769809545,CE_merger,1,-,-,-,-,-,-,-,-,-,-,-,-,-,-,-,-,-,-,-,20.0000,5.0000,2.5100,
-2.594422782646251,0.2552735623122922,9651207.916416194,wide_binary,0,8.467935002464243,33.58803611081969,1.4,131.93466109147658,4000947.2107397206,0.2020100522383576,475.1577886512146,379.17113894432015,5.397804070320798,4.145646843296796,8.206943680612078,4.9425773770407915,-,-,-,-,-,0.3484282792891069,0.6378446174292061,20.0000,33.0000,25.1200,7.973640203152405
-2.585868561924955,0.2423684142124291,9651269.211696036,wide_binary,0,8.573198921243625,35.632425184335204,1.4,231.87876123182372,16640684.449141582,0.19370049046309584,696.3435248667091,561.4614425692268,5.401395879374455,4.018783079753993,8.216726084381689,4.789649600845929,-,-,-,-,-,0.37428210125335126,0.6119216681968277,20.0000,35.0000,44.6700,8.074731988264764
-2.3194285838061175,0.06882438809403514,9651401.779829955,wide_binary,0,8.93205406432741,33.28440015741161,1.4,1935.4143058401405,5563953464.165094,0.21715970379028998,2906.186564074548,2275.079950660798,5.411208186407893,3.931743979705957,8.422328209383338,5.0386358300559175,-,-,-,-,-,0.3481124057745511,0.638145335247608,20.0000,33.0000,446.6800,8.176423935843884
-2.87911517044766,0.136633278723345,10188708.888582466,error,0,8.694981125828088,25.594620609316387,1.4,11.237053473994672,-,-,-,68.57132783152049,-,-,5.523457693688325,0.0,-,-,-,-,-,-,-,20.0000,23.0000,2.5100,0.0
-2.1985646510782186,0.2273979859131227,9650435.613960285,wide_binary,0,8.093534933889227,13.058364808798046,1.4,539.709829342946,1018908799.7632946,0.4629524169853665,1436.1419199326285,771.2765469658136,5.391352708923903,4.984700875321557,8.093534933889227,5.059062100770512,-,-,-,-,-,1.208925354713737e-10,0.9863954776840023,20.0000,13.0000,251.1900,7.9631630741232335
-2.6213249236379763,0.23586060309541512,9651292.11226165,wide_binary,0,8.319995030663074,27.486738735775553,1.4,117.99903021070678,4039483.9983479287,0.23955611929611326,438.6924285354669,333.60097279092315,5.391897045749407,4.392260163887059,8.128324787726822,4.899120754431874,-,-,-,-,-,0.3270512685726587,0.6592593890229818,20.0000,27.0000,25.1200,7.934910141917625
-2.2432200422290443,0.22364688343525624,9650872.492616205,wide_binary,0,7.622004141959853,5.0643827988131065,1.4,8.282625087813075,609448.8036027702,0.9625055222754205,1071.2992288278328,40.167805071644395,5.35024968962767,4.941557157472452,7.605041607520122,4.6604763936973095,-,-,-,-,-,0.000677534998711709,0.9857127023471993,20.0000,5.0000,79.4300,7.279089565723215
-3.077429699017694,0.12550582534608498,9857350.0222971,error,0,9.66100747110712,17.877778284319305,1.4,11.631761012803837,-,-,-,65.2226875303575,-,-,5.835178987360896,0.0,-,-,-,-,-,-,-,20.0000,17.0000,4.4700,0.0
-2.685034631430855,0.20853486661657955,9650902.69692332,wide_binary,0,8.022087324468368,25.505427144027983,1.4,67.40067115643313,983489.0723318906,0.24612459371187556,298.03262323671566,224.67946492969455,5.386122137320888,4.96818762978261,8.022087324468368,4.968651350606501,-,-,-,-,-,9.825581291116236e-08,0.9863944854435911,20.0000,25.0000,14.1300,7.789042370469712
-3.2258076000799885,-0.007301465059448559,9656955.067296956,wide_binary,0,9.298286216132793,23.511752825814842,1.4,6465.967871641143,274147230811.73663,0.31705060143131236,6844.728049499909,4674.602904772189,5.414592249009447,3.80158015951132,8.487850854076646,5.026380067625517,-,-,-,-,-,0.38387520117499585,0.602334224271225,20.0000,23.0000,2511.8900,8.2339617481659
-2.430978753725523,0.06601573546450833,9651694.784043789,wide_binary,0,9.137296452265513,35.35721795767783,1.4,1884.45351397856,4824391606.531135,0.2104973358205239,2880.883019078192,2274.4648187516455,5.408142196027243,3.8115976024894875,8.381788083308734,4.99982591569353,-,-,-,-,-,0.3720981269262588,0.6141271736714555,20.0000,35.0000,446.6800,8.169192762455152
-2.9908460367800718,0.14002322252703267,9824994.978560373,error,0,9.599668772192022,30.552127353110393,1.4,19.52834101619635,-,-,-,104.47170280576312,-,-,5.971223400219471,0.0,-,-,-,-,-,-,-,20.0000,29.0000,4.4700,0.0
-2.45891150488132,0.24834830982895786,9651204.142576898,wide_binary,0,8.00961726738422,11.116619525832734,1.4,71.96109882056639,6962935.901461223,0.5280672831624229,412.4598963424335,194.65331946743007,5.382123374883514,4.955159003635921,7.9991841495167035,4.878670579081627,-,-,-,-,-,0.00030971719385856786,0.986080969187054,20.0000,11.0000,44.6700,7.711641611745016
-3.0584954251703107,0.14707660849535859,11430368.499831894,error,0,6.6307689665903595,43.8776843579164,1.4,16.637758434767274,-,-,-,101.35332798096907,-,-,4.685396987293779,0.0,-,-,-,-,-,-,-,20.0000,35.0000,1.4100,0.0
3.628584890215376e-10,6.768775459612169,9648350.783765486,CE_merger,1,-,-,-,-,-,-,-,-,-,-,-,-,-,-,-,-,-,-,-,20.0000,3.0000,25.1200,
-2.3546022561119844,0.00972600472698363,9653621.543397399,wide_binary,0,9.358556796147392,33.504955723072854,1.4,4677.907098174994,61220414091.65672,0.22800650025997957,5334.619537709025,4118.29160669748,5.41908102727243,3.7962211397378796,8.52066916228809,5.044763711268684,-,-,-,-,-,0.38596215355185376,0.6002493488263463,20.0000,33.0000,1412.5400,8.26539095758138
-2.6185940598452513,0.23785637598828235,9651182.35928992,wide_binary,0,8.31669581754419,23.364314625065123,1.4,105.15138166088938,3962493.30308918,0.27930091836838034,411.50565642582603,296.5717486723098,5.397599579502169,4.554632635785901,8.161489072588543,4.926217236763624,-,-,-,-,-,0.28133257896382363,0.7050272449454449,20.0000,23.0000,25.1200,7.934910141916332
-2.3868871775382634,0.14459152091331118,9651281.748239523,wide_binary,0,8.611300152827656,27.204534613841382,1.4,1021.5143972283391,1359759532.9722004,0.2521033902554107,1880.7593808713655,1406.6135646990274,5.4058047939388745,4.15291336874541,8.337809117458068,5.024337440553029,-,-,-,-,-,0.338269396342776,0.6479886148776948,20.0000,27.0000,251.1900,8.11196664270103
-2.9079974523261503,0.13579706018939275,10274388.81708767,error,0,8.193093608158698,19.103819396842535,1.4,9.544010918418858,-,-,-,56.996113705498736,-,-,5.4228752933126,0.0,-,-,-,-,-,-,-,20.0000,17.0000,2.5100,0.0
-2.4371816850913666,0.28415838760396617,9651600.251537856,wide_binary,0,8.229966956734957,11.100425015960077,1.4,125.1917040413331,32978848.504022215,0.5463787789626918,622.908138051242,282.56435017688045,5.389003538863952,4.494593590394029,8.063497776182004,4.859792786739109,-,-,-,-,-,0.30392047881869083,0.682423768333502,20.0000,11.0000,79.4300,7.8274552086304
-2.5980629333054406,0.21119322075064825,9650268.494603466,wide_binary,0,7.655917846470574,17.280586748900436,1.4,47.84648415167104,761123.8180106853,0.3348887232805362,243.55909346604736,161.99389961183795,5.366936672451265,4.983904635552682,7.655917846470574,4.886850649221211,-,-,-,-,-,2.4410380384635143e-17,0.9863960377491722,20.0000,17.0000,14.1300,7.394913936968008
-2.4268326589164944,0.06405010246948203,9652154.44169754,wide_binary,0,9.09060785219997,29.29496818596032,1.4,1768.7606372131445,5550125187.301279,0.25054946483761487,2769.571217261715,2075.656630947131,5.407344612953043,3.8076962774222145,8.335174432865596,4.954847482244847,-,-,-,-,-,0.37373891919903046,0.6124750622868733,20.0000,29.0000,446.6800,8.206070251700647
-2.9924367457137477,0.13693272229331094,9833167.50713152,error,0,9.592288703494892,26.335629159749494,1.4,17.560207479598905,-,-,-,93.78870924994031,-,-,5.947069583580926,0.0,-,-,-,-,-,-,-,20.0000,25.0000,4.4700,0.0
-3.264359588653265,-0.00814523966602407,9656468.950811196,wide_binary,0,9.591097716307457,27.649012156367473,1.4,6638.146908163706,225777497305.4211,0.28197508652672004,6911.12622305504,4962.360808312011,5.417221146332803,3.759243131684776,8.507044991441076,5.020252186405202,-,-,-,-,-,0.39448296615571343,0.5917158444517105,20.0000,27.0000,2511.8900,8.263772200722387
-1.7132136110655025,0.031507837609819955,9655432.571363583,wide_binary,0,9.393655648766051,13.173339743700408,1.4,4408.078656326995,393092041046.51483,0.5485122689341991,7079.43009705405,3196.2758317578764,5.424426547039451,3.8204485807533293,8.607680673578756,5.103489239583489,-,-,-,-,-,0.3794076638502277,0.6068212573604082,20.0000,13.0000,2511.8900,8.363374243755326
-2.297652925474488,0.07929664719541932,9652392.079600783,wide_binary,0,8.585772755742735,9.051707691303424,1.4,777.7009319509907,9270658981.265198,0.6875214049204434,2963.833268975442,926.1344559394955,5.40719967851406,4.152147830082145,8.317976601587379,5.001868542768171,-,-,-,-,-,0.3387772783226614,0.6474893407494547,20.0000,9.0000,794.3300,8.183710312425484
-2.4420449332007865,0.02540525585270395,9652072.476446489,wide_binary,0,9.249548972595916,23.267882510446597,1.4,2506.5826196841986,22171769125.294224,0.31820927350662187,3634.3698259830685,2477.879644002609,5.408035121608522,3.786462803917732,8.393885163268104,4.958937517317782,-,-,-,-,-,0.3791193096431428,0.6070887331742933,20.0000,23.0000,794.3300,8.223247686896014
-2.3442462915861997,0.04652435883568938,9652265.889987882,wide_binary,0,8.868841411333376,11.081118158830689,1.4,1154.8128514744278,15450729037.743017,0.598411241387775,3127.4735500572406,1255.9582205600552,5.4079085053655,3.925701289403175,8.37350764602518,5.003911169837196,-,-,-,-,-,0.35412312367155047,0.6321078566204381,20.0000,11.0000,794.3300,8.124352982509372
-2.3592059692870664,0.23183056208479896,9650500.89777557,wide_binary,0,7.930852181237097,9.057753614014446,1.4,46.13313058165396,3725644.0127657508,0.6244985703703227,370.48422155479875,139.117354849065,5.378277056603742,4.978004678477929,7.930852181237097,4.979041254189053,-,-,-,-,-,1.959657690386104e-09,0.9863951478667348,20.0000,9.0000,44.6700,7.746516854611836
-2.4772755269718227,0.2368409940710408,9651426.369639453,wide_binary,0,8.802701020716208,21.199800416538118,1.4,497.3551237048035,329623329.956962,0.3275560351983923,1220.3776156854697,820.63556244667,5.403600793631853,3.9101535285450955,8.30662719104467,4.980921455813601,-,-,-,-,-,0.3640394805564051,0.6221851057989383,20.0000,21.0000,141.2500,8.035037083579805
1.0502191495447388e-10,3.859399170145033,9501462.088080648,CE_merger,1,-,-,-,-,-,-,-,-,-,-,-,-,-,-,-,-,-,-,-,20.0000,3.0000,7.9400,
-2.2832062773479747,0.0916111077056953,9651362.15733055,wide_binary,0,8.47488980197337,17.103743847690254,1.4,1292.088263301263,6164734851.748692,0.3823490997394292,2380.8439824410343,1470.5304291346677,5.409472237926034,4.5572949383149055,8.316007826288502,5.010039051051399,-,-,-,-,-,0.2756028080800186,0.710754940010404,20.0000,17.0000,446.6800,8.05880718874451
-2.9704901108078823,-0.003012798059581974,9654853.659533238,wide_binary,0,9.400303042306819,25.52495162772843,1.4,6624.734814355768,253489150108.52637,0.2971334230390136,6901.435201563658,4850.788136241102,5.422672486308561,3.798349829711109,8.57556655658326,5.065189981987305,-,-,-,-,-,0.39477763862617593,0.5914351537746202,20.0000,25.0000,2511.8900,8.37171258619404
-2.1485198206025635,0.30489906515255877,9650672.841326587,wide_binary,0,7.831980279357519,5.023475235171015,1.4,28.97607830199094,10000000000.0,1.001324056507595,-70221.3468196031,92.9770312285745,5.371537079893609,4.979564378227176,7.831980279357519,4.946798520979444,-,-,-,-,-,7.295019773309528e-11,0.9863954165101403,20.0000,5.0000,251.1900,7.653540825643032
-2.406955441907302,0.22841397102863492,9650971.416224819,wide_binary,0,8.633416821318693,25.211375128373554,1.4,579.7704876982423,345267289.0278226,0.2718167244805882,1299.4136755517861,946.2113065180182,5.405294163361725,4.14908433435102,8.34461297326893,5.026380067625498,-,-,-,-,-,0.33432002347683804,0.6519423150897515,20.0000,25.0000,141.2500,8.11687758930418
6.276614614256679e-12,1.2042245510324585,4468517.899635129,CE_merger,1,-,-,-,-,-,-,-,-,-,-,-,-,-,-,-,-,-,-,-,20.0000,3.0000,1.4100,
-2.4930057409310504,0.2800586435651616,9651053.584122779,wide_binary,0,8.588336204128172,23.26310899664041,1.4,307.29532521177384,73191859.05925004,0.2914610726939319,857.1103675288767,607.2960603918202,5.39919651329722,4.083140731906275,8.245235564069398,4.956388921237782,-,-,-,-,-,0.35911444552630584,0.627126559025403,20.0000,23.0000,79.4300,8.005906262634584
-2.55381446475459,0.13716499718196867,9651613.962901702,wide_binary,0,8.937364135375923,35.390410214998056,1.4,1149.0871304147224,1256298671.4866135,0.20487306587038895,2054.3649564459374,1633.48090940217,5.398832035195484,3.8118400694968426,8.253759470086234,4.907300824571403,-,-,-,-,-,0.3870059069867864,0.599179585696592,20.0000,35.0000,251.1900,7.965282044041998
-3.0584124708492735,0.14903094351256913,11570114.457440183,error,0,6.457595014695241,37.32747844627529,1.4,15.843948802694996,-,-,-,93.54152124496724,-,-,4.5622714688280315,0.0,-,-,-,-,-,-,-,20.0000,29.0000,1.4100,0.0
-2.6016982285505423,0.25643980196027416,10355993.611008244,wide_binary,0,8.5234005834523,27.463113205035867,1.4,219.83275326299727,21941969.83191363,0.2467994541285118,671.7139165390427,505.9352886066821,5.414152438582019,4.028463394712113,8.190348531354418,4.705198410354312,-,-,-,-,-,0.38467730941794676,0.6015295628176031,20.0000,27.0000,44.6700,7.9516264601362066
-3.0230470498897652,0.12467005416942134,10437157.226988519,error,0,7.5209676051365,14.672005921677739,1.4,7.05709491679698,-,-,-,43.49866397082719,-,-,5.193771101933642,0.0,-,-,-,-,-,-,-,20.0000,13.0000,2.5100,0.0
-2.401559669430768,0.19038140949297705,9649604.100397268,error,0,9.399906550866993,9.064534520722297,1.4,12.439815213780436,-,-,-,59.70006290578934,-,-,7.047679165192354,0.0,-,-,-,-,-,-,-,20.0000,9.0000,14.1300,0.0
-7.391152013955164,0.3735041031994723,1128.5495517639802,ZAMS_RLOF,-,-,-,-,-,-,-,-,-,-,-,-,-,-,-,-,-,-,-,-,20.0000,25.0000,0.7900,
-2.2569047213709514,0.15380967061751508,9650361.72941986,wide_binary,0,8.31659278835845,29.1726826733405,1.4,1125.276556652571,1493639917.429597,0.22623440874522138,1968.728812855949,1523.3346138998022,5.404537267784595,4.971978514283749,8.31659278835845,5.099914642203764,-,-,-,-,-,3.892438685424797e-06,0.9863892638045073,20.0000,29.0000,251.1900,8.064427706222672
-2.4258507682293704,0.2688906304225778,9650985.459170258,wide_binary,0,8.19999077741311,9.083207144100792,1.4,79.76965074809956,17836575.313556153,0.6486555768612915,573.7026788305966,201.56723674686782,5.385409494263111,4.471653276588778,8.030081953793506,4.83922889227966,-,-,-,-,-,0.3140820321206893,0.6722517039056093,20.0000,9.0000,79.4300,7.752847174490791
-2.401182092982287,0.02364612814107805,9653381.357450308,wide_binary,0,9.25472717334994,21.28128555212659,1.4,2293.7436365241792,21003894432.06964,0.34630872907525656,3498.765124158052,2287.1122206780447,5.401083274287749,3.7627020652019456,8.290182126789547,4.9016770263467695,-,-,-,-,-,0.3896907878855703,0.5964933455048774,20.0000,21.0000,794.3300,8.034919989465681
-2.3375043549267236,0.030220929560345375,9652687.669127855,wide_binary,0,9.290750948962545,17.17431179583198,1.4,2003.1486995887108,23687426080.723167,0.42482063592435243,3463.776966890249,1992.2930331158088,5.405699694518114,3.7689955376397677,8.325156840908564,4.953313719097125,-,-,-,-,-,0.3770488996992998,0.6091518125121674,20.0000,17.0000,794.3300,8.048268718473944
-7.391151935928929,0.3298402631046436,1128.5495526718078,ZAMS_RLOF,-,-,-,-,-,-,-,-,-,-,-,-,-,-,-,-,-,-,-,-,20.0000,15.0000,0.7900,
-2.5811900320415173,0.2380171382302688,9651022.691681094,wide_binary,0,8.589866777837369,25.37408162669554,1.4,186.77512464489425,16523636.623949984,0.2685383154531279,608.6214853116217,445.1832968974582,5.3987417289347395,4.044605798362132,8.233495919415251,4.956381245395877,-,-,-,-,-,0.3659978879679349,0.6202309276972976,20.0000,25.0000,44.6700,7.983646449973594
-7.3911518513680425,0.24195340009868477,1128.5495281352605,ZAMS_RLOF,-,-,-,-,-,-,-,-,-,-,-,-,-,-,-,-,-,-,-,-,20.0000,7.0000,0.7900,
-2.30802245835491,0.148180411654737,9650321.658164138,wide_binary,0,8.372722219247368,33.217730168312876,1.4,1160.9530305168728,1326811378.9787736,0.20142054910433715,2016.2434261417382,1610.1305681202596,5.408808218390472,4.9715868986277165,8.372722219247368,5.097872015135752,-,-,-,-,-,1.8975610447178467e-05,0.986373474722066,20.0000,33.0000,251.1900,8.203915793732643
-4.8347448673606594,-0.16873932742958034,9673647.970857818,wide_binary,0,9.854366283436752,3.087989388861923,1.4,7095.343331789622,10000000000.0,1.8837759074070888,-4126.970293849222,3647.316916288695,5.412402050442302,3.730912722417768,8.46090481038775,5.034550575912429,-,-,-,-,-,0.4103983992210053,0.5757899296345421,20.0000,3.0000,2511.8900,8.160438091728478
-2.3527212602995733,0.07315673742836287,9651645.652187463,wide_binary,0,8.644559618736574,27.207658959880284,1.4,1794.277222080964,6137864392.942895,0.25323846417829726,2743.067838327094,2048.4175518122597,5.406651536809831,4.1401425710239526,8.33760644941265,5.03046532176924,-,-,-,-,-,0.3361111479351416,0.6501428421885493,20.0000,27.0000,446.6800,8.115703463529641
-7.391152002365537,0.36743890096845716,1128.5495698905713,ZAMS_RLOF,-,-,-,-,-,-,-,-,-,-,-,-,-,-,-,-,-,-,-,-,20.0000,23.0000,0.7900,
1.7309283863498726e-05,0.9729211493503682,9652443.725232722,CE_ejection,1,8.266955772652885,5.028579640100066,1.4,88.61896062956826,10000000000.0,1.0681917557368859,-2905.190531270072,198.1100430774827,5.3959893267635275,4.743865079114748,8.139249177269152,4.8948979905537575,-,-,-,-,-,0.21933397586578393,0.7670467990032875,20.0000,5.0000,1412.5400,7.968934173662736
-2.6745590976266924,0.1874687233171868,9650111.073653752,wide_binary,0,7.773856835645117,23.500118530060995,1.4,62.93600896333771,905480.1248435073,0.255976967657812,281.8778151408735,209.72358677110333,5.367784660782534,4.978474206334696,7.773856835645117,4.931117180648209,-,-,-,-,-,5.512849352013855e-11,0.9863954578831957,20.0000,23.0000,14.1300,7.511342875288764
-2.363957401706845,0.07614204142660609,9652010.813594215,wide_binary,0,8.705054775028225,21.16074864649523,1.4,1501.9868561347062,6187310045.659309,0.3237948744295348,2531.6897181372337,1711.9415637584439,5.4024608837362775,3.9900377918409236,8.297593986735247,4.980921455813918,-,-,-,-,-,0.35961234817495047,0.6266269339387592,20.0000,21.0000,446.6800,8.08456789384947
-3.113835245978418,0.14430513357175448,11734422.683265405,error,0,6.245685665047204,29.80470943393236,1.4,14.447724606177543,-,-,-,82.44350114509272,-,-,4.418820139422577,0.0,-,-,-,-,-,-,-,20.0000,23.0000,1.4100,0.0
-2.5084544368734742,0.2269237252882654,9650765.14238305,wide_binary,0,7.966063642785451,13.153788161049448,1.4,55.91859147912925,2284421.0984933586,0.45115839052531465,309.84240566974233,170.0544046112898,5.381796932340126,4.967738944660771,7.966063642785451,4.946645909660321,-,-,-,-,-,8.925733297863657e-08,0.9863946285653792,20.0000,13.0000,25.1200,7.731452502685003
-2.4256735273717127,0.22021776045115776,9649585.871536372,error,0,7.373635759353505,13.208661409374427,1.4,33.48262574762387,-,-,-,119.77450952729816,-,-,7.373635759353505,4.6253227649370885,-,-,-,-,-,-,-,20.0000,13.0000,14.1300,7.158726965188977
-2.6195098362859865,0.2019267511197894,9650108.95495628,wide_binary,0,7.774128823211654,31.640780675072854,1.4,76.41721210983744,931467.3367585096,0.19291701627439217,319.45980875522514,257.8305756305792,5.371988072219601,4.980939536250282,7.774128823211654,4.915480894705187,-,-,-,-,-,1.7789718094111814e-13,0.986395746428131,20.0000,31.0000,14.1300,7.565464886995831
-2.3113195520695022,0.01391446128009743,9652150.829271695,wide_binary,0,9.160269027529797,19.222409030252656,1.4,3819.5785946931132,99766383564.49121,0.37630274019614507,5027.758036972864,3135.7989106167856,5.420484011908126,3.897250581447325,8.55387092317663,5.057019473698698,-,-,-,-,-,0.350175233189735,0.6360781619481967,20.0000,19.0000,1412.5400,8.361347563301338
-2.1911473461444495,0.19656244068276715,9649807.491479041,wide_binary,0,7.363974387094704,7.075284439263174,1.4,12.680458794981394,204101.58481357017,0.7036901746289,188.0091589538753,55.70896105779015,5.341906582880293,4.984032902524664,7.363974387094704,4.717924385902574,-,-,-,-,-,1.0089459303112284e-21,0.9863964821212378,20.0000,7.0000,25.1200,7.128336731605957
-7.391151896924094,0.2965957553752099,1128.549620017175,ZAMS_RLOF,-,-,-,-,-,-,-,-,-,-,-,-,-,-,-,-,-,-,-,-,20.0000,11.0000,0.7900,
-2.8956069390187076,0.157341037976076,9704165.062625062,error,0,9.518800292198758,15.38555579452972,1.4,18.815886124368735,-,-,-,86.91505388759863,-,-,6.205048214581273,0.0,-,-,-,-,-,-,-,20.0000,15.0000,7.9400,0.0
-2.318001499467908,0.07572665666920511,9651408.14362039,wide_binary,0,8.659485759482761,25.19168953640396,1.4,1714.7381776049992,6258964760.327794,0.2729982895424732,2681.891127052758,1949.739436628219,5.40881783798959,4.1460856426738175,8.367080173728665,5.026380067625429,-,-,-,-,-,0.33602759694875634,0.650248592707146,20.0000,25.0000,446.6800,8.137900391101805
-2.9315480561451834,0.1568165497452169,9704634.801689342,error,0,9.135112159937878,31.851513897016517,1.4,43.15917999419609,-,-,-,178.47728887603617,-,-,6.395721303849117,0.0,-,-,-,-,-,-,-,20.0000,31.0000,7.9400,0.0
-2.9538771844961227,0.1331120158054332,9701368.509496419,error,0,9.52413443069541,11.250242144720206,1.4,10.771825066706828,-,-,-,56.4099405261624,-,-,6.140976552182458,0.0,-,-,-,-,-,-,-,20.0000,11.0000,7.9400,0.0
-2.638658193707138,0.20743198287073067,9651460.52019869,wide_binary,0,8.346991805424517,19.30989033489992,1.4,88.4093071463518,3632973.9691384425,0.33544319612922296,379.94529389108015,252.49523015399942,5.388833383949745,4.150422329667092,8.107986716673922,4.890940684292792,-,-,-,-,-,0.35468363950754017,0.631569983443617,20.0000,19.0000,25.1200,7.84986703935552
-2.522254300340517,0.023398244353684337,9653371.960015351,wide_binary,0,9.332407994402514,15.17356230981056,1.4,1709.5648213967518,21211622088.76645,0.4786181658548444,3351.031943957766,1747.1671812197058,5.398079000831259,3.7506512941204377,8.25492145445601,4.8878731579877215,-,-,-,-,-,0.3876707959253719,0.5985128134991862,20.0000,15.0000,794.3300,7.971403512685155
-2.582509817664826,0.23966958881235648,9650780.11375668,wide_binary,0,8.55181308156674,23.39451507398674,1.4,180.7466897012172,17474530.119340595,0.2884433537105179,599.7420760780766,426.75046029280753,5.3963548940911545,4.052263436994887,8.212999454375113,4.8469621224404245,-,-,-,-,-,0.37282617183546174,0.6133808596038202,20.0000,23.0000,44.6700,8.056933682921105
-1.5493793754852172,0.0692478927694981,9651258.501256626,wide_binary,0,8.23548022663976,9.043186625079432,1.4,1443.2879715961758,41455926395.60109,0.6545396986609693,4020.937953812796,1389.0744371897142,5.39897338319386,4.977834225145859,8.23548022663976,5.096340044829058,-,-,-,-,-,2.582091981774407e-08,0.9863949535499643,20.0000,9.0000,1412.5400,8.02061070294644
-2.2885365428292586,0.2591043634599967,9652427.32817367,wide_binary,0,8.486747246190584,7.044402927634434,1.4,206.17133095210747,729346415.3160396,0.8392241946436615,2278.519814368815,366.3308581755211,5.3968537610165805,4.13539448374009,8.19989802075216,4.950757447176571,-,-,-,-,-,0.3465050203478786,0.6397540841749071,20.0000,7.0000,446.6800,7.9423853968957365
-2.4019652460512684,0.3052288479245679,9651129.187097408,wide_binary,0,8.256095428404349,9.061472275023627,1.4,140.9208029642496,83993764.87801564,0.6553662092832782,855.2793001017714,294.75814731561826,5.393952243254143,4.63259342360032,8.113607234150706,4.896053228127724,-,-,-,-,-,0.26120008795344274,0.725172344604468,20.0000,9.0000,141.2500,7.872824210101258
-2.543525556439053,0.2527194408813052,9651561.729174428,wide_binary,0,8.48233298870793,17.239921257184196,1.4,133.08556543960162,14147563.61073833,0.37995509160095037,522.1003047370461,323.7256356257977,5.392106006269596,4.091690890673656,8.160613255205172,4.913947131552445,-,-,-,-,-,0.3664440360703154,0.6197733850818363,20.0000,17.0000,44.6700,8.008132324554158
-2.285316675529197,0.16577354380740814,9649366.462930325,wide_binary,0,7.296753930103527,7.109296968042597,1.4,7.150071942391705,41948.60416947773,0.6929778044237139,123.74821130918565,37.99344753478439,5.335603151821653,4.982122069479328,7.296753930103527,4.713388515655668,-,-,-,-,-,3.2739682403266296e-20,0.9863963895180521,20.0000,7.0000,14.1300,6.929691818637051
-2.866877290527113,0.13846035742706622,10151378.219951026,error,0,8.818076471666522,32.302090939442685,1.4,12.815213424705796,-,-,-,79.52230641448153,-,-,5.580247050573701,0.0,-,-,-,-,-,-,-,20.0000,29.0000,2.5100,0.0
-2.5467999434025814,0.2835840879426846,9652403.31348095,wide_binary,0,8.486823893344134,11.134765511749023,1.4,223.56631622291076,167501105.1982674,0.5653734716219103,961.7293237630213,417.99307722652986,5.406054137251815,4.0204217581012855,8.159854213477331,4.670382656225814,-,-,-,-,-,0.3922747889216761,0.5939226431485279,20.0000,11.0000,141.2500,7.976583216924554
-4.812939141461136,-0.08355141127801902,9706490.395214407,wide_binary,0,9.807925631183723,5.144671168636058,1.4,5958.568807331094,10000000000.0,1.2846979496046969,-11965.640612213003,3406.593348003732,5.426258086646034,3.7531523168672525,8.642682571462055,5.112170404637467,-,-,-,-,-,0.411769461154402,0.5744323645220157,20.0000,5.0000,2511.8900,8.41184919239341
-0.9553101888269067,0.2603887970340792,9651224.81618229,wide_binary,0,7.994885852703676,7.028858119124044,1.4,721.2696287167787,14668238728.646276,0.7824174709668782,3837.254302727719,834.9194957307254,5.384543139270097,4.985325941771664,7.994885852703676,5.038635830052009,-,-,-,-,-,2.5449166564039554e-11,0.9863956387059576,20.0000,7.0000,1412.5400,7.753389443477041
-2.3976411882290867,0.022978084707012528,9652065.649104713,wide_binary,0,9.237494203592847,35.50205939355814,1.4,2938.5675667771006,15867894890.273329,0.21238636359034718,3890.402688765683,3064.1342087966295,5.409618031114635,3.784882814925905,8.382655348085065,4.965072569918685,-,-,-,-,-,0.3841037771052323,0.6020942495731263,20.0000,35.0000,794.3300,8.128791890326827
-2.166043859044563,0.18459835985797077,9650146.38137147,wide_binary,0,7.4373198459769005,5.071588489299889,1.4,4.392323057672422,71998.95575450451,0.9328961283553484,390.33891989977,26.193252778866103,5.337807725777685,4.944792166312545,7.4373198459769005,4.617337853744257,-,-,-,-,-,2.144870275657954e-07,0.9863937313463814,20.0000,5.0000,44.6700,7.091609556733615
-2.4667987581138324,0.00516163454863375,9656796.668278703,wide_binary,0,9.398436558396257,15.24204070755812,1.4,5081.356529859804,389447239023.7713,0.4806163317917915,6966.8208323929975,3618.452959677639,5.422075508493489,3.79847913284181,8.55089421358103,5.073360490274295,-,-,-,-,-,0.3830034035590156,0.6032185315738418,20.0000,15.0000,2511.8900,8.367080173729228
-2.953024169803714,0.14625469569791474,9702339.806923643,error,0,9.593405550325627,13.32479645258212,1.4,14.719397748034899,-,-,-,71.77507510942563,-,-,6.165034667037232,0.0,-,-,-,-,-,-,-,20.0000,13.0000,7.9400,0.0
-2.4865164765942174,0.2741318045182428,9651334.2677423,wide_binary,0,8.221472471164406,33.4172210658287,1.4,232.12155720760725,17610921.930786937,0.19592237008999297,684.9593776764808,550.7605129867378,5.396207552220332,4.952052531513577,8.169985022508905,4.956381245397918,-,-,-,-,-,0.011791863207496285,0.9745983257344071,20.0000,33.0000,44.6700,7.919606470302373
-2.327466155073644,0.014323628374545105,9652830.834984357,wide_binary,0,9.237120788873721,17.20650472176152,1.4,3465.6442358925738,100504442178.33012,0.42120327842701694,4959.337940298528,2870.4485410172992,5.41361696502817,3.8148026634680092,8.457219881338025,5.01616693226946,-,-,-,-,-,0.36927361128034064,0.6169590692929959,20.0000,17.0000,1412.5400,8.178525738327858
-2.8126669707101746,0.0862878676417527,10789965.27720181,wide_binary,0,4.72786257159045,10.272765791498308,1.4,4.436854520604294,1552.6099714126815,0.2850963200181952,39.18854969231546,28.01603838818614,5.055357562948945,4.970342158814861,4.72786257159045,3.127122135846864,-,-,-,-,-,2.6895073359777688e-18,0.9863966233735737,20.0000,9.0000,2.5100,3.332889852570566
-2.5594354245956006,0.232280727929497,9651785.11487344,wide_binary,0,8.780936609866993,23.292125665760526,1.4,551.8874715264485,360074678.2231536,0.2989186394795402,1282.819419867139,899.3607841825202,5.399662112775844,3.8905081004656097,8.278022044066159,4.911902114020678,-,-,-,-,-,0.3823003096202924,0.6038994020279062,20.0000,23.0000,141.2500,8.041477259855597
-2.9502360062333364,0.1620635971884183,9703284.8081618,error,0,9.133043779867785,29.804766869249093,1.4,41.292211101669515,-,-,-,170.35545687457198,-,-,6.392735356402065,0.0,-,-,-,-,-,-,-,20.0000,29.0000,7.9400,0.0
-3.0579620020825526,0.1484260281260265,11531986.432273136,error,0,6.503685100053242,39.72373077812487,1.4,16.21967266369129,-,-,-,96.74934715220158,-,-,4.607328974295378,0.0,-,-,-,-,-,-,-,20.0000,31.0000,1.4100,0.0
3.288221654976909e-11,2.4112748625253215,9435614.9757984,CE_merger,1,-,-,-,-,-,-,-,-,-,-,-,-,-,-,-,-,-,-,-,20.0000,5.0000,7.9400,
5.491555623746284e-12,1.0202563541218646,7507589.217626596,CE_merger,1,-,-,-,-,-,-,-,-,-,-,-,-,-,-,-,-,-,-,-,20.0000,7.0000,2.5100,
-1.8418255076867065,0.04435892726842207,9651267.24024338,wide_binary,0,8.499938458500004,11.0689837750608,1.4,2134.0775462393685,70168538844.79337,0.5694079474784931,4364.319510210001,1879.2412957609824,5.4174700802128255,4.939618707226065,8.423466509702445,5.112681061399513,-,-,-,-,-,0.04885739858554973,0.9375313668492319,20.0000,11.0000,1412.5400,8.198325848717454
-2.4434760680365315,0.27640071427972457,9650398.299785191,wide_binary,0,8.602402753354465,35.39850068568676,1.4,384.47054201666833,64979848.43378325,0.19572544041599774,976.4387969447148,785.3248833734432,5.406060151778567,4.189802139655945,8.360044697295155,5.016166932267281,-,-,-,-,-,0.3322801338205778,0.6540029159968711,20.0000,35.0000,79.4300,8.325330556377125
-7.391152020326591,0.3787167761044062,1128.5496535403013,ZAMS_RLOF,-,-,-,-,-,-,-,-,-,-,-,-,-,-,-,-,-,-,-,-,20.0000,27.0000,0.7900,
-7.391152039256155,0.39055837146166084,1128.5496734858832,ZAMS_RLOF,-,-,-,-,-,-,-,-,-,-,-,-,-,-,-,-,-,-,-,-,20.0000,33.0000,0.7900,
-3.0922518188167802,0.11945277735620469,9865472.58045719,error,0,9.593491923184969,15.745030148940343,1.4,9.93686929413511,-,-,-,57.11457185220875,-,-,5.810930717923547,0.0,-,-,-,-,-,-,-,20.0000,15.0000,4.4700,0.0
-2.64938875473664,0.22231960696087372,9651053.918206496,wide_binary,0,7.891018343645044,35.65999173653632,1.4,82.54708316115162,971324.0373310302,0.17514894201246503,340.208486961099,280.62133040620097,5.376663412502512,4.981197550281316,7.891018343645044,5.001868542766685,-,-,-,-,-,4.3832775802013677e-10,0.9863953173025357,20.0000,35.0000,14.1300,7.728887867021866
-3.0648798616783437,0.12901052320542594,9849620.606265046,error,0,9.633349184169907,19.99500027849464,1.4,13.374594723501243,-,-,-,73.3516162100134,-,-,5.875548306777173,0.0,-,-,-,-,-,-,-,20.0000,19.0000,4.4700,0.0
-3.7846547928965006,0.0842720180064872,15506220.10298919,wide_binary,0,3.2225603184404337,15.3932904730025,1.4,13.414365416858407,9886.76024660816,0.10852907721511984,70.61343146310841,62.949820907424126,4.795412203670872,4.650101241067647,3.2225603184404337,1.9514554753830933,-,-,-,-,-,8.830071933069973e-09,0.9863934386252837,20.0000,11.0000,1.4100,2.0332032453803333
-2.6656952776309724,0.20593322414802762,9651104.738414403,wide_binary,0,8.49023479759714,31.585585468003448,1.4,128.34488410962638,4112471.958321542,0.21494949072450995,466.62610261460736,366.32505949883443,5.394395716320046,4.099740460495585,8.166394230719167,4.923116595092283,-,-,-,-,-,0.3600001244354553,0.6262327067587685,20.0000,31.0000,25.1200,8.02147806855013
-2.4349493361634127,0.15080232293824863,9651372.982743906,wide_binary,0,8.767282376050694,21.172103843739407,1.4,839.1190295900711,1324245776.127654,0.32638882166467104,1725.3379412230975,1162.2069236139414,5.407302612929734,3.9774026221828658,8.342216285024119,5.019925001177621,-,-,-,-,-,0.3587776262706248,0.6274517872954357,20.0000,21.0000,251.1900,8.159322410749958
-2.4060146846390444,0.022194023707554203,9652522.055120552,wide_binary,0,9.216182806052817,33.5075820210854,1.4,2840.5154986587036,15887900523.85634,0.22391074813865788,3800.987072569103,2949.9052134847875,5.405143797191945,3.7771772033686677,8.337664354567776,4.934397306901974,-,-,-,-,-,0.38648810505003556,0.5997012869700963,20.0000,33.0000,794.3300,8.110327325102265
-2.3397415870750735,0.024883303185723182,9653127.033175344,wide_binary,0,9.30683097423219,31.426437380847496,1.4,2790.3266421766275,17085525525.336407,0.24086777625297198,3779.396621385711,2869.0617616145387,5.404649816471057,3.760525469283752,8.304774226058068,4.928773508682285,-,-,-,-,-,0.3880182995166556,0.5981718680684411,20.0000,31.0000,794.3300,8.023667678649547
-2.40616319673305,0.2716675681972108,9650994.372311842,wide_binary,0,8.468016369308309,15.113286656144773,1.4,356.8000776894478,263491767.2883431,0.42801996455855285,1061.0726902955687,606.9123950012113,5.402819981019401,4.4438997699931715,8.2798750090543,4.965072569920081,-,-,-,-,-,0.3142986588167686,0.6720220529558262,20.0000,15.0000,141.2500,8.105820475562737
-2.391137534666993,0.18376106732631572,9649722.919716785,wide_binary,0,7.4072118365530155,11.14558354126278,1.4,24.86798421103922,332138.0502546472,0.478830802632267,182.06992548447747,94.8892369295481,5.346790469384446,4.985636282444301,7.4072118365530155,4.733833238639116,-,-,-,-,-,1.6423769184836976e-22,0.9863966730256111,20.0000,11.0000,14.1300,7.121303161338645
-2.5060074457091575,0.09290102492417286,9653097.899418663,error,0,11.134306345855041,13.00807069151372,1.4,688.6905889930737,-,-,-,948.2646382891805,-,-,7.105151272206173,0.0,-,-,-,-,-,-,-,20.0000,13.0000,446.6800,0.0
-3.0288063908719245,0.13771088578791554,9821068.257756455,error,0,9.718370686194962,32.655000456292875,1.4,19.74469497957344,-,-,-,107.14816530090172,-,-,5.955120855788193,0.0,-,-,-,-,-,-,-,20.0000,31.0000,4.4700,0.0
-2.3054084242782418,0.21772120270145895,9650473.344918411,wide_binary,0,7.52978557851897,7.0611211682230905,1.4,22.423886170423614,1033861.4976359024,0.7244649327964036,296.6956977758769,81.75006902569416,5.354257145243202,4.978741356800536,7.52978557851897,4.828059545539223,-,-,-,-,-,2.9827482696299482e-15,0.9863958031914535,20.0000,7.0000,44.6700,7.274820533638073
-3.026204027108238,0.13321153908322605,9843690.690488456,error,0,9.664182100882698,22.11089846046005,1.4,14.761011584848136,-,-,-,80.18499038779865,-,-,5.895731683900156,0.0,-,-,-,-,-,-,-,20.0000,21.0000,4.4700,0.0
-2.403204872219233,0.11541705070257124,9652628.059822846,wide_binary,0,8.680214845037243,11.072861891570167,1.4,667.6316934498113,3364285255.413072,0.5836843948346451,2086.733416140223,868.7396849591853,5.39802755317585,3.918559408174904,8.21824193394508,4.927914240457337,-,-,-,-,-,0.36585231083833963,0.6203797596361303,20.0000,11.0000,446.6800,8.06619994603453
-2.3950889041852355,0.2960533603838853,9651331.482952496,wide_binary,0,8.256078547463133,15.124645619878784,1.4,208.1553381842867,59211393.12590496,0.41490018637467346,722.1617950364486,422.5367316831574,5.399237275630605,4.940441968846944,8.18779276364991,4.971843882518148,-,-,-,-,-,0.033353633694265104,0.9530354798098669,20.0000,15.0000,79.4300,7.925709858890871
-2.969629949996937,0.1406224924539769,9829334.771804297,error,0,9.592708227335285,28.4459958990057,1.4,18.61940355996217,-,-,-,99.39682873668784,-,-,5.964178537033214,0.0,-,-,-,-,-,-,-,20.0000,27.0000,4.4700,0.0
-3.0473253730541017,0.08587644394700245,9872333.058078479,wide_binary,0,6.264859028327202,11.63453266582856,1.4,8.629193187181347,12269.37368632145,0.3732284964140647,73.8703952924542,46.29985872793893,5.254073283733881,4.936345712906445,6.264859028327202,3.967941096769382,-,-,-,-,-,1.7124177782867098e-37,0.9863977600387318,20.0000,11.0000,4.4700,6.024563078635907
-2.943683117092719,0.16005663411869617,9703990.2338395,error,0,9.157809612702462,27.756721835083805,1.4,38.93232185663375,-,-,-,160.91360730432484,-,-,6.371818167531148,0.0,-,-,-,-,-,-,-,20.0000,27.0000,7.9400,0.0
-2.8919220162923382,0.13426139300907997,10209303.754241077,error,0,8.620150345129016,23.342355194506357,1.4,10.574769385052916,-,-,-,64.32517693150753,-,-,5.503158591535635,0.0,-,-,-,-,-,-,-,20.0000,21.0000,2.5100,0.0
-2.398795996282805,0.1535256827754721,9652685.192425707,wide_binary,0,8.7040795993856,9.070083355609153,1.4,429.81889566973706,1997149101.0979576,0.6976142740518464,2067.9762621517475,625.3265032743054,5.4021061507544275,3.917922522647499,8.257719014465943,4.75177963422764,-,-,-,-,-,0.37585822271421604,0.6103606560312603,20.0000,9.0000,446.6800,7.958454252088647
-1.6609291470333898,0.13012734434150303,9647835.649602434,wide_binary,0,6.72228940100954,5.079254952420589,1.4,1.41779965653012,1414.5544657950102,0.8214354026956731,67.698796387853,12.088608314984594,5.292766721983721,4.962371200476369,6.72228940100954,4.352585991289294,-,-,-,-,-,1.5400874476142758e-27,0.9863969315277242,20.0000,5.0000,14.1300,6.437885696686595
-2.889198857165231,0.13461118393315313,10135935.073522793,error,0,8.920332865919304,36.73435480025377,1.4,13.38036070397249,-,-,-,84.74754380258206,-,-,5.592416198475795,0.0,-,-,-,-,-,-,-,20.0000,33.0000,2.5100,0.0
-2.875768427997637,0.13684964146513617,10160960.567444736,error,0,8.773775388002928,30.075051830340403,1.4,12.393332793607497,-,-,-,76.30824980505227,-,-,5.564021520028761,0.0,-,-,-,-,-,-,-,20.0000,27.0000,2.5100,0.0
-3.111871311380222,0.11306762191405846,9873161.196581645,error,0,9.393839296194042,13.56610927146887,1.4,8.208942815898691,-,-,-,48.65960410355058,-,-,5.818003878022203,0.0,-,-,-,-,-,-,-,20.0000,13.0000,4.4700,0.0
-3.086730428390049,0.14563677308011935,11609985.83243365,error,0,6.3868774167129105,34.810469550062926,1.4,15.611928759714942,-,-,-,90.76412758193025,-,-,4.537582068946181,0.0,-,-,-,-,-,-,-,20.0000,27.0000,1.4100,0.0
-3.077536895192811,0.14844305867214014,11662327.767593658,error,0,6.321206188536219,32.29652737095076,1.4,15.104893686804779,-,-,-,86.89487374399363,-,-,4.488104909613031,0.0,-,-,-,-,-,-,-,20.0000,25.0000,1.4100,0.0
-2.32457168145056,0.06993245488737991,9651099.482293323,wide_binary,0,8.919686760304744,31.26181519303445,1.4,1881.0547008860901,5710505709.839747,0.23022868496017942,2852.5596145478053,2195.8185657199474,5.414652024228162,3.91189515997202,8.415757232381642,5.048848965412182,-,-,-,-,-,0.3706635750251877,0.6155685900021812,20.0000,31.0000,446.6800,8.211369053744045
-2.929600468838076,0.15820882493037652,9704338.420948867,error,0,9.245262319629703,23.654174597986128,1.4,33.26353337666422,-,-,-,139.43180690210355,-,-,6.33193639379436,0.0,-,-,-,-,-,-,-,20.0000,23.0000,7.9400,0.0
-2.9688266869117,0.14300144528302033,9820026.972518161,error,0,9.570172942088568,34.75643780682276,1.4,21.303207227300334,-,-,-,114.42079229280225,-,-,5.996383625882561,0.0,-,-,-,-,-,-,-,20.0000,33.0000,4.4700,0.0
-2.6111474393644514,0.23129623658519363,9651154.044555197,wide_binary,0,8.424797022038929,19.331430739714868,1.4,156.90887997229783,17009681.61472736,0.33884767097051566,560.4932811931582,370.5714382662344,5.390920561166263,4.070091902439937,8.121435024318272,4.7993722607536595,-,-,-,-,-,0.3861035335340048,0.600099565014459,20.0000,19.0000,44.6700,7.89767352498968
-2.4555837278499997,0.2830862038877231,9650988.63811613,wide_binary,0,8.093152846080237,21.23187187147736,1.4,172.6600759458249,17068898.66302111,0.2957401351549503,571.2084046850217,402.27915388182976,5.388224011802411,4.970798929312453,8.093152846080237,5.004672269965944,-,-,-,-,-,1.3525831949296936e-07,0.9863945930638846,20.0000,21.0000,44.6700,7.87303155743522
-1.9463420774222742,0.15530004905618833,9648589.460518941,wide_binary,0,6.953497037858706,5.066547084436248,1.4,2.564295524287469,8805.164621702785,0.8588040828195496,127.87295813191834,18.055139606013547,5.306261630275242,4.970721927130048,6.953497037858706,4.539279231499786,-,-,-,-,-,1.9434249750978396e-18,0.9863964121905805,20.0000,5.0000,25.1200,6.533914634668701
-2.409408095901055,0.2209296221955924,9651651.783692416,wide_binary,0,8.486564512043937,11.080217910087066,1.4,382.3088785902704,710279424.7482793,0.5678237802495626,1381.7897777635515,597.1766826436485,5.4002959907114425,4.168467133970273,8.243860609125308,4.956892499781876,-,-,-,-,-,0.33909020687988184,0.6471793689215792,20.0000,11.0000,251.1900,8.059743941657922
-2.7019438163427916,0.0802927581703655,8786025.662204977,wide_binary,0,6.0444640785267465,9.52204967675967,1.4,5.217593537822304,4605.172030404138,0.42523740652905123,54.98052727763527,31.600750448493898,5.233465930142456,4.9292274531156925,6.0444640785267465,3.9040712652593554,-,-,-,-,-,1.9116628506168476e-37,0.9863976999754921,20.0000,9.0000,4.4700,5.758387242923362
1.8712982031866056e-05,1.801740618530874,9677682.657448879,CE_ejection,1,8.497808824663771,7.034394393604448,1.4,481.40268027416636,7113072521.931847,0.8415315307102347,4068.7462756655614,644.7679942331553,5.406060066012214,4.408111897280787,8.29921533109927,5.001868542768564,-,-,-,-,-,0.31493454492537853,0.6713819817229616,20.0000,7.0000,2511.8900,8.056465306463089
-2.449059728544769,0.009152853280775518,9652169.41285223,wide_binary,0,9.339231161654578,25.360222161643566,1.4,4307.901678599207,80651893823.5121,0.2966803157947684,5165.575824661984,3633.0511577394445,5.417354462067119,3.8093966658155076,8.519753251645456,5.040678457127155,-,-,-,-,-,0.36696434580256015,0.6192668940799565,20.0000,25.0000,1412.5400,8.27535840689988
8.753624709167582e-10,4.182517966482321,9649703.298704017,CE_merger,1,-,-,-,-,-,-,-,-,-,-,-,-,-,-,-,-,-,-,-,20.0000,3.0000,141.2500,
-2.8973869185573404,0.13455371959661508,10235742.366556551,error,0,8.467080869329461,21.219636864731978,1.4,10.00078269568957,-,-,-,60.46863552258143,-,-,5.466573797415104,0.0,-,-,-,-,-,-,-,20.0000,19.0000,2.5100,0.0
-3.3693424934035217,-0.01022569099882915,9656908.512386687,wide_binary,0,9.697024267537744,35.91627892815217,1.4,6988.401012538881,165997992601.2518,0.2223432910744562,7065.5815097980885,5494.596863554756,5.415481153362431,3.745785376528171,8.490384242799164,5.005953796905281,-,-,-,-,-,0.40327770015495934,0.5829192787478947,20.0000,35.0000,2511.8900,8.272463149105569
-2.7061874798464234,0.1897677412257448,9651275.36798036,wide_binary,0,8.352371496169463,27.60786422588733,1.4,68.0159470449425,927259.2455361629,0.23967195385467252,304.32230150736837,231.38478090354667,5.394564230328488,4.39009878769714,8.156350943947995,4.915480894706598,-,-,-,-,-,0.32207806042077636,0.6642334049358403,20.0000,27.0000,14.1300,7.9865894637468156
-7.391151919782056,0.31504421689061984,1128.549599395437,ZAMS_RLOF,-,-,-,-,-,-,-,-,-,-,-,-,-,-,-,-,-,-,-,-,20.0000,13.0000,0.7900,
-2.332476913544592,0.26030501447799603,9651492.021452244,wide_binary,0,8.07591194412237,5.043967855409821,1.4,15.242318186416274,10000000000.0,1.035993985990763,-1694.7311223813304,61.000128277103656,5.37327083988859,4.391222537802997,7.904418673096899,4.784532411411199,-,-,-,-,-,0.34175697574662783,0.6445550142794372,20.0000,5.0000,141.2500,7.691748948334034
-3.1282335889550485,-0.005995784659864722,9655853.035211155,wide_binary,0,9.35822637589737,31.716740339870324,1.4,6946.941674975991,192835352991.5395,0.24030826386364496,6956.7151369821095,5284.959000220003,5.4199917131624575,3.805599581074477,8.542651017771867,5.078977714718801,-,-,-,-,-,0.3777283102541392,0.6084939642106519,20.0000,31.0000,2511.8900,8.312417706626302
-7.391152031718715,0.38322353720437013,1128.5495631695483,ZAMS_RLOF,-,-,-,-,-,-,-,-,-,-,-,-,-,-,-,-,-,-,-,-,20.0000,29.0000,0.7900,
-2.2538853723738876,0.028697077919258896,9652962.22394033,wide_binary,0,9.244595706686981,29.3729484416724,1.4,2828.1567941948556,19749282137.744106,0.2549185600968909,3816.924546794567,2843.919637327218,5.40868494351846,3.7826890550231758,8.367195984039094,4.97120762252151,-,-,-,-,-,0.3784829838438315,0.6077111271227601,20.0000,29.0000,794.3300,8.167327855134278
-2.59998513803386,0.2385169423880594,9651553.253491933,wide_binary,0,8.401511008532399,29.408789517991725,1.4,214.53467226070416,17968249.820913896,0.22725693278029138,654.8673936496757,506.04423839102674,5.392884275156362,4.17011047642566,8.157984265118465,4.911568775772485,-,-,-,-,-,0.3362239048040067,0.6500434255605414,20.0000,29.0000,44.6700,8.004166077235643
1.858432539700508e-05,1.0358880638500203,9658546.272087276,CE_ejection,1,8.394723030137639,9.042263296658268,1.4,1018.9211203719015,17567084407.364292,0.6698474106064812,3345.9767957937906,1104.682903181949,5.405501463829395,4.793233323298195,8.273389631600637,4.981432710196883,-,-,-,-,-,0.1931828226882075,0.7932000289485103,20.0000,9.0000,2511.8900,8.066301212048193
-2.3688518496383555,0.22318231909509634,9650573.759691566,wide_binary,0,8.484060934267124,29.258901986914314,1.4,621.4671508969521,312809883.1209847,0.2310604905971746,1336.550542391518,1027.726518358614,5.409096976988321,4.688386564762203,8.34203619383443,5.016166932268796,-,-,-,-,-,0.24278782298196216,0.7435823900635729,20.0000,29.0000,141.2500,8.18225475681141
-2.272354324705192,0.26424865424740773,9654327.481001794,wide_binary,0,8.28081782413034,5.052885387777136,1.4,97.70049495629054,10000000000.0,1.0663164477031901,-3191.148122333952,211.62560756789298,5.382530949945856,4.118242848427001,8.04264820099738,4.809606639608512,-,-,-,-,-,0.3852004328685105,0.6010196924711407,20.0000,5.0000,794.3300,7.8663157338578875
5.2649579553711765e-11,2.9826649998189034,9005791.251621844,CE_merger,1,-,-,-,-,-,-,-,-,-,-,-,-,-,-,-,-,-,-,-,20.0000,3.0000,4.4700,
-2.936407258970848,0.15897485198989794,9703227.68279435,error,0,9.119116110808347,33.898076461610074,1.4,45.066043258383516,-,-,-,186.68113013281905,-,-,6.413636988524385,0.0,-,-,-,-,-,-,-,20.0000,33.0000,7.9400,0.0
-2.429948685157353,0.27964793405308974,9651388.23808823,wide_binary,0,8.68978718703333,13.116360791270415,1.4,282.12449182870296,212421193.061352,0.5021773219784622,1015.6224262354591,505.599876087268,5.402972518820784,4.061660915914147,8.316586877847564,4.993698034479045,-,-,-,-,-,0.3521237854803507,0.6341049137268366,20.0000,13.0000,141.2500,8.111727995987454
-2.379947638311521,0.02573229880025357,9653578.825811865,wide_binary,0,9.343309320345016,19.246185829217826,1.4,2128.661457599721,21731782232.753242,0.3847349523079418,3459.907034817289,2128.759866786948,5.400095323914812,3.750854256963127,8.261142049139378,4.942577377038339,-,-,-,-,-,0.3876935247942504,0.5984896325120568,20.0000,19.0000,794.3300,7.904055049971457
-2.3627542405434996,0.24457112575156334,9651051.865140961,wide_binary,0,8.185924174302322,19.14355488206781,1.4,477.4646372247301,320947089.28206086,0.33031888654410385,1155.9968621514322,774.1492657970933,5.394331544475412,4.960651238071705,8.170421410860733,4.967117587455045,-,-,-,-,-,0.0005096469543283588,0.9858810390650868,20.0000,19.0000,141.2500,7.9139558838609805
-2.90825801258085,0.1596944439991447,9704787.1374092,error,0,9.352201402253646,19.518320065486154,1.4,26.608746437125976,-,-,-,115.03268762248345,-,-,6.278072938839285,0.0,-,-,-,-,-,-,-,20.0000,19.0000,7.9400,0.0
-2.870913563015501,0.1615812616204857,9705001.07515715,error,0,9.46023282961705,17.449235252294663,1.4,22.672951734634307,-,-,-,100.99360173404573,-,-,6.236058713931088,0.0,-,-,-,-,-,-,-,20.0000,17.0000,7.9400,0.0
-2.326265398171797,0.07716075569893108,9651443.773256468,wide_binary,0,8.87522580285101,23.179768469926987,1.4,1598.3354136040634,6298137807.806327,0.3041210828326904,2625.4088862657823,1826.9666928960655,5.4101882021705565,3.9439753330541603,8.399873172975001,5.029954665000801,-,-,-,-,-,0.35384478509660144,0.6324056128771126,20.0000,23.0000,446.6800,8.129959646837621
-2.5201938567239526,0.26723777418674993,9651111.469920566,wide_binary,0,8.661585447576403,31.364756131920743,1.4,369.6309926034616,71518571.89119467,0.22162794126527569,952.2707128676816,741.2209152476013,5.399822104295505,3.997374514326283,8.265771060633272,4.9752976575938055,-,-,-,-,-,0.36154850856690235,0.6246744004070347,20.0000,31.0000,79.4300,8.028826084037537
-2.532357188072403,0.2506332669261961,9651983.6447922,wide_binary,0,8.340846261585117,13.162184357106126,1.4,94.26334105940914,10229823.433102211,0.47663496707470876,462.9959453796018,242.3158881978717,5.387864091615044,4.137470865371917,8.094169611208228,4.891451938673837,-,-,-,-,-,0.36157348350114543,0.6246599540771064,20.0000,13.0000,44.6700,7.83614007127946
-2.243771534826604,0.019451417174305898,9652943.055766122,wide_binary,0,9.201364377270824,13.134391414898582,1.4,2558.1682455053224,87804424229.14941,0.536752049299703,4784.018979027531,2216.1869881458306,5.412041422820846,3.8246955788355925,8.44201954899882,5.00544314013854,-,-,-,-,-,0.35872699541410824,0.6274929937059833,20.0000,13.0000,1412.5400,8.170825392322508
-2.5642474822567016,0.2544584577551109,9651505.92429575,wide_binary,0,8.52555342335058,33.39102582225564,1.4,392.5904818219963,74535923.75945075,0.20481009843614234,985.3814439435971,783.5653734123603,5.391484440094769,4.019813479155074,8.15627165251888,4.902761856553672,-,-,-,-,-,0.36379009086392844,0.6224376607289299,20.0000,33.0000,79.4300,7.899910645723866
-7.391151803077972,0.13370522645561433,1128.5494431582167,ZAMS_RLOF,-,-,-,-,-,-,-,-,-,-,-,-,-,-,-,-,-,-,-,-,20.0000,3.0000,0.7900,
-2.176505268913004,0.020644326520422723,9652188.902464526,wide_binary,0,9.112558333731625,15.144780395177639,1.4,3099.794415818833,98536397549.11026,0.4661626295130295,4850.063819330109,2589.1453160051788,5.420086269967887,3.91558814005069,8.553870923174733,5.097872015131097,-,-,-,-,-,0.3535711895643671,0.6326728562149925,20.0000,15.0000,1412.5400,8.357931159105414
-2.400868740975741,0.1791895144074796,9651059.767672764,wide_binary,0,8.713719777462634,15.120912139692146,1.4,601.8957652985392,1129910761.5960352,0.44269467179667044,1548.7355253820506,863.1185602731997,5.4101062370892405,4.1307395880352535,8.38835776969242,5.026380067627226,-,-,-,-,-,0.34289277564185927,0.6433607239991387,20.0000,15.0000,251.1900,8.242928951625581
-2.8922499004602873,0.16026407237334694,9705621.303077444,error,0,9.326753570942865,21.587627694630978,1.4,29.839375170745097,-,-,-,127.02819200749732,-,-,6.294048708750868,0.0,-,-,-,-,-,-,-,20.0000,21.0000,7.9400,0.0
-2.3551451623926214,0.30051516426079,9650567.108120227,wide_binary,0,8.1649637698974,21.169730806035762,1.4,301.17031456574404,76734711.73995954,0.2997361301309032,832.5181167727351,582.9823581874081,5.39393812673998,4.974218575218494,8.1649637698974,5.0549768466270875,-,-,-,-,-,5.6517586994116206e-08,0.9863948070560661,20.0000,21.0000,79.4300,7.884657803268101
-2.9550154015330934,0.1479797170348122,9817435.129249346,error,0,9.599918397319959,36.853693879797795,1.4,21.816818496391328,-,-,-,118.08304850076884,-,-,5.997390034911486,0.0,-,-,-,-,-,-,-,20.0000,35.0000,4.4700,0.0
4.766381368906776e-12,1.021665780634384,4500208.017712484,CE_merger,1,-,-,-,-,-,-,-,-,-,-,-,-,-,-,-,-,-,-,-,20.0000,5.0000,1.4100,
-2.4669309194567806,0.2864494094489301,9650654.215419663,wide_binary,0,8.380518028895068,19.183742503874313,1.4,267.2326149096577,70820767.99905519,0.3391277377076198,797.8311940487038,527.2645061383979,5.399498802565023,4.506548082625239,8.212850959434249,4.939371480017155,-,-,-,-,-,0.29838476889892146,0.6879578917737436,20.0000,19.0000,79.4300,7.95046309634419
-2.4663267043135986,0.2767935989822848,9651445.334898874,wide_binary,0,8.406167584244955,17.16898469625975,1.4,238.5619546522589,66518821.40163487,0.37730482839248414,765.6873665980554,476.78982614148305,5.392522677615349,4.143119244362362,8.138601045005943,4.9042332982669095,-,-,-,-,-,0.34580268596122604,0.6404581042105343,20.0000,17.0000,79.4300,7.886077834448088
-7.391152044043931,0.3935536723225653,1128.5496143029243,ZAMS_RLOF,-,-,-,-,-,-,-,-,-,-,-,-,-,-,-,-,-,-,-,-,20.0000,35.0000,0.7900,
-3.1605548764938685,0.14084438540417277,11981030.800124785,error,0,5.964104668614078,24.811750965503524,1.4,13.12132674458983,-,-,-,73.34581289369147,-,-,4.21395242275776,0.0,-,-,-,-,-,-,-,20.0000,19.0000,1.4100,0.0
-2.6128669951875465,0.237245504439569,9651128.64027371,wide_binary,0,8.151954275911283,29.49958730363962,1.4,124.11233893238183,4004354.558662744,0.2185127655447996,448.95462848071867,350.8523110072587,5.391533345475901,4.9491909349024334,8.09881702564046,4.9241722192275,-,-,-,-,-,0.013076678482005971,0.9733133659795998,20.0000,29.0000,25.1200,7.860990616931821
3.4214338513175853e-12,0.8112659567784473,4327544.944541104,CE_merger,1,-,-,-,-,-,-,-,-,-,-,-,-,-,-,-,-,-,-,-,20.0000,7.0000,1.4100,
-3.1443446000527575,-0.005930879529710616,9656319.377967464,wide_binary,0,9.554456731520345,29.701403981031618,1.4,6833.467522634095,212826235127.91385,0.2621893447798576,6978.639788613645,5148.914794982389,5.417289477932813,3.7596197489427374,8.50412552626157,5.021784156714307,-,-,-,-,-,0.40494524101717805,0.581252451943384,20.0000,29.0000,2511.8900,8.25154678351603
-2.7882827649785384,0.08675868595566488,31347119.296176102,error,0,1.265597491066581,11.647380157533446,1.4,68.44725993018848,-,-,-,165.15800385124135,-,-,1.265597491066581,1.1991156601349011,-,-,-,-,-,-,-,20.0000,9.0000,1.4100,1.1782555598567548
-2.9410187474255274,0.13394982185827123,10336316.375692325,error,0,7.864770206855558,16.883865687070898,1.4,8.547544041333495,-,-,-,51.254433081118776,-,-,5.344555144671957,0.0,-,-,-,-,-,-,-,20.0000,15.0000,2.5100,0.0
-7.39115183584984,0.19885281582266182,1128.5494512516796,ZAMS_RLOF,-,-,-,-,-,-,-,-,-,-,-,-,-,-,-,-,-,-,-,-,20.0000,5.0000,0.7900,
-2.4836036151134167,0.15576365516974547,9651909.690223688,wide_binary,0,8.718126867799974,17.12999123346884,1.4,707.9054867081977,1305582672.4006782,0.3949341786293988,1632.9666725679103,988.0523210081204,5.40433726947249,3.9293648431238872,8.26947620011085,4.968907446633707,-,-,-,-,-,0.3682230225116297,0.6179918528107888,20.0000,17.0000,251.1900,8.072795218694374
-2.5949415833376834,0.21122720366546138,9650665.478760336,wide_binary,0,7.634729305126135,15.256662624743436,1.4,40.63798433943397,635582.9797703135,0.37430843414361165,225.66904234300983,141.19921646890944,5.362431810635623,4.981914298230131,7.634729305126135,4.858730729000707,-,-,-,-,-,1.3523163349061562e-15,0.9863958823932581,20.0000,15.0000,14.1300,7.439218422769322
-2.62550403644514,0.23232495595776811,9651393.931582278,wide_binary,0,8.262620019964311,21.329649236024625,1.4,97.58652751013649,3817416.561210295,0.30192370980752437,395.1268654966944,275.8286964213138,5.390387907139201,4.508558792207128,8.099087564000252,4.890940684290012,-,-,-,-,-,0.30112736069897494,0.6852176321397943,20.0000,21.0000,25.1200,7.8496303674909
-2.4100046429151183,0.2140995195036995,9650532.51047925,wide_binary,0,7.754722640939503,9.099065442113474,1.4,26.462766566154784,775280.3793578232,0.6052655520604397,242.66348242883612,95.78763577163781,5.370058772978832,4.97506893400419,7.754722640939503,4.923035229824102,-,-,-,-,-,1.6719065203670297e-10,0.9863953947617589,20.0000,9.0000,25.1200,7.502843537108378
-3.1302799362046207,0.14361330025884125,11834115.600247378,error,0,6.115854686467452,27.286750360420513,1.4,13.89198692464336,-,-,-,78.29904601817893,-,-,4.340921249345719,0.0,-,-,-,-,-,-,-,20.0000,21.0000,1.4100,0.0
-2.774970762910802,0.1760673821028472,9651184.666864349,wide_binary,0,8.270737509338359,33.77197837569674,1.4,77.46638813707975,934483.4069927086,0.1953469161145035,330.3826455925873,265.8434146383245,5.384082791984636,4.1723138735822385,8.058132758453576,4.865144927533652,-,-,-,-,-,0.35678486431750067,0.6294729282172503,20.0000,33.0000,14.1300,7.805488415993589
-2.2452482154509363,0.029034744288785788,9651610.986898739,wide_binary,0,9.1893353884053,27.286673257032415,1.4,2868.074402734316,23210379212.736534,0.2715314989163397,3866.3875348059582,2816.541532088644,5.414021728984852,3.8135387014225,8.45151975671228,5.01820955934066,-,-,-,-,-,0.3879650914334919,0.5982514288466857,20.0000,27.0000,794.3300,8.257951928842507
-2.324625866890991,0.317988098777863,9651560.155155426,wide_binary,0,8.1431012555872,7.045989628960926,1.4,121.79556422075532,139548500.72766784,0.7983790593899622,1269.7436574729068,256.0069105533171,5.390017088469033,4.936189704765932,8.07617004230007,4.906499698611569,-,-,-,-,-,0.03304791798901835,0.9533411360796318,20.0000,7.0000,251.1900,7.81664004846103
-2.385343507752482,0.14334805253942157,9650920.065441111,wide_binary,0,8.661740172496,31.235196552014287,1.4,1115.840819097009,1370707526.3883772,0.22251253063305912,1989.182955706086,1546.5648223397761,5.411161280921657,4.16011798077822,8.389106270903298,5.0473169951095445,-,-,-,-,-,0.3307407239787263,0.6555268064073639,20.0000,31.0000,251.1900,8.232564261914225
2.5515429735023853e-11,2.2757570555883135,8903296.483138649,CE_merger,1,-,-,-,-,-,-,-,-,-,-,-,-,-,-,-,-,-,-,-,20.0000,5.0000,4.4700,
-7.391151960963549,0.3419248215337819,1128.5495898958864,ZAMS_RLOF,-,-,-,-,-,-,-,-,-,-,-,-,-,-,-,-,-,-,-,-,20.0000,17.0000,0.7900,
-7.3911519741158775,0.35193794588129984,1128.549605416159,ZAMS_RLOF,-,-,-,-,-,-,-,-,-,-,-,-,-,-,-,-,-,-,-,-,20.0000,19.0000,0.7900,
-2.526337981193479,0.2540892601125005,9650238.68832747,wide_binary,0,8.029665408297081,35.56670669075625,1.4,139.31431041987864,4006352.582553342,0.17934152110863752,484.8844495997087,397.9245348465724,5.385510628434196,4.979980298414408,8.029665408297081,5.0263800676281445,-,-,-,-,-,2.3173014163610625e-09,0.9863953124389615,20.0000,35.0000,25.1200,7.763380377571067
-2.441662580829759,0.12561616723386906,9653974.520020815,wide_binary,0,8.679034917653166,7.056912610819148,1.4,383.8283018025371,4426646789.588933,0.8607201295116736,3997.796857945407,556.812628613274,5.401209334457092,3.928123380958108,8.248868268197889,4.875091798397397,-,-,-,-,-,0.37773596255564684,0.608465120280154,20.0000,7.0000,794.3300,8.008838647860077
-2.4610967156857093,0.009412802043377428,9652115.568717606,wide_binary,0,9.380299971056786,27.394861296334476,1.4,4350.470720318226,72078211498.40552,0.2771431988829435,5157.946951270168,3728.457033526629,5.4202284148087,3.793933516551554,8.515173698419222,5.037103859753593,-,-,-,-,-,0.379142276187561,0.6070777414230955,20.0000,27.0000,1412.5400,8.330484115245975
-2.3996113708886493,0.28245532824006875,9650523.764146397,wide_binary,0,7.980055755015355,25.224699503813838,1.4,350.29649087879534,80678967.24155958,0.2471410336132734,892.5456531014381,671.9609978469146,5.381274759165489,4.975344623219072,7.980055755015355,4.976281073258911,-,-,-,-,-,5.921215808860018e-09,0.986395160229968,20.0000,25.0000,79.4300,7.803030560506787
-2.357306317030402,0.2446966160783859,9650962.710421838,wide_binary,0,8.048024756318295,7.0657434598368765,1.4,38.43638480007038,5970617.51692472,0.7852854020273368,551.7527199519673,118.46936344481017,5.379339461553204,4.775136136946301,7.929990501608654,4.787432849197061,-,-,-,-,-,0.2010618218992419,0.7853212884787782,20.0000,7.0000,79.4300,7.71530866223102
-2.8720292674245242,0.1383933903859014,10130635.856896097,error,0,8.859789629402083,38.94619223670529,1.4,14.032079048984922,-,-,-,88.83052111390298,-,-,5.608639367383135,0.0,-,-,-,-,-,-,-,20.0000,35.0000,2.5100,0.0
1.9580765640669735e-11,1.9925355218235705,7790986.459891433,CE_merger,1,-,-,-,-,-,-,-,-,-,-,-,-,-,-,-,-,-,-,-,20.0000,3.0000,2.5100,
-3.045276903633462,0.1505993193618581,11480233.724092884,error,0,6.568329547520387,41.864059189228264,1.4,16.42349173634859,-,-,-,99.0852648731236,-,-,4.644268565872703,0.0,-,-,-,-,-,-,-,20.0000,33.0000,1.4100,0.0
1.7265309314463487e-10,7.034679901863965,9647775.385242226,CE_merger,1,-,-,-,-,-,-,-,-,-,-,-,-,-,-,-,-,-,-,-,20.0000,3.0000,14.1300,
-2.6209830805260506,0.22578371743570477,9651208.714029718,wide_binary,0,8.24039124418955,15.205995918878958,1.4,67.37614488321242,2877235.2857844885,0.41192297514736087,339.0382133304546,199.38058380672817,5.389752699586563,4.491665492060203,8.074263611807417,4.8745805440127725,-,-,-,-,-,0.3070843893535156,0.6792585751169509,20.0000,15.0000,25.1200,7.833536680781338
-3.2041168235123902,0.10848073580211762,10569685.337083183,error,0,7.029074051508417,12.491835300361013,1.4,5.314085487743787,-,-,-,34.496297663730196,-,-,4.9241722192250705,0.0,-,-,-,-,-,-,-,20.0000,11.0000,2.5100,0.0
-2.977918414563306,0.1554089957862228,9701700.97357865,error,0,9.105475053556335,35.94361854558631,1.4,46.79881617814695,-,-,-,194.40408117709137,-,-,6.429562041567319,0.0,-,-,-,-,-,-,-,20.0000,35.0000,7.9400,0.0
-3.394461488975906,0.12280486162005667,13472290.819093427,error,0,4.748929927005488,17.51466608904286,1.4,11.408194664284554,-,-,-,59.97862430877276,-,-,3.371854007322195,0.0,-,-,-,-,-,-,-,20.0000,13.0000,1.4100,0.0
-2.8712569102460366,0.13829192987119013,10173845.976502115,error,0,8.672161695862064,27.841458466965893,1.4,12.07955401067915,-,-,-,73.4805409984233,-,-,5.550838276482538,0.0,-,-,-,-,-,-,-,20.0000,25.0000,2.5100,0.0
-2.451800279562341,0.14133744214938937,9651394.337226823,wide_binary,0,8.916335061302581,25.217196153347004,1.4,955.5740001723486,1371009618.252854,0.28238643236498157,1845.0129941762482,1324.006357083785,5.409428107066922,3.8979190725321455,8.37466574914071,5.010039051052416,-,-,-,-,-,0.3617043103256762,0.6245185912487479,20.0000,25.0000,251.1900,8.181323099307463
-0.2091809911696044,0.30459735043889735,9650710.08172117,wide_binary,0,6.134747114163828,3.0345538993113093,1.4,0.693306120798423,10000000000.0,1.0676941179808728,-101.89775433596779,6.897878604004988,5.24256183404584,4.931535268943151,6.134747114163828,3.906624688765135,-,-,-,-,-,5.256684214930253e-32,0.9863978085120596,20.0000,3.0000,446.6800,5.83921822796476
-2.347731322855352,0.09604877652471314,9651714.572196104,wide_binary,0,8.85599160327235,15.100219263264433,1.4,1060.7989584436427,5327505838.574394,0.45187227419893383,2301.4406287914376,1261.4834179256268,5.40946561137126,3.9379869762723327,8.373160215090591,5.007996423982098,-,-,-,-,-,0.35091800678056256,0.6353255748421969,20.0000,15.0000,446.6800,8.122719556481183
-3.229276765314649,0.13379759566915858,12211625.284894986,error,0,5.740015109771343,22.303926386647007,1.4,12.347599626088815,-,-,-,68.2843989060026,-,-,4.043108552579007,0.0,-,-,-,-,-,-,-,20.0000,17.0000,1.4100,0.0
-3.019907936748313,0.13602463486413935,9837422.039653406,error,0,9.60698083116918,24.22381807762762,1.4,16.3054747637948,-,-,-,87.49431410997663,-,-,5.923922175961818,0.0,-,-,-,-,-,-,-,20.0000,23.0000,4.4700,0.0
-3.5110262618359203,-0.012123205538117823,9659391.368222008,wide_binary,0,9.308923955931418,17.358880743194938,1.4,5519.008453843314,346061641999.20557,0.42160958663807807,6786.858939826205,3925.454147635134,5.411670943905034,3.7835984069572723,8.41806751016601,4.975297657592099,-,-,-,-,-,0.3766797353675734,0.6095265948617248,20.0000,17.0000,2511.8900,8.156117392644981
-2.4836248520225626,0.21551280363705547,9650518.892143022,wide_binary,0,8.930415814990615,35.35635648937683,1.4,660.5434591805159,287193298.13561934,0.2048738377310881,1419.8517835241616,1128.9612996242363,5.404611634368201,3.8721077926635665,8.358046969419211,4.97785392950936,-,-,-,-,-,0.3775495726895817,0.608663389462534,20.0000,35.0000,141.2500,8.17456157622833
-2.6213532471024115,0.23179142678102124,9651488.4707721,wide_binary,0,8.344473382706388,31.561569546362612,1.4,216.04605062048321,16180181.333771313,0.2106839412770834,655.8123913504497,517.6432520023876,5.38237348109874,4.023981718429045,8.015493708829089,4.788050216977299,-,-,-,-,-,0.380017930128363,0.6061772162297036,20.0000,31.0000,44.6700,7.8327040724718335
-2.510640978073137,0.008720184425074816,9651980.78957336,wide_binary,0,9.352492268962365,31.45212696863221,1.4,4645.635245544089,66850597975.08852,0.24206932709579326,5320.557562830975,4032.6137738220477,5.418305287804574,3.804535483211382,8.534865777287102,5.0468063383392225,-,-,-,-,-,0.38147851662502624,0.6047434368740495,20.0000,31.0000,1412.5400,8.372870689308586
-2.2744370391091615,0.3006807983486884,9650630.20656693,wide_binary,0,7.981399659204186,7.038863158713099,1.4,68.16295160635627,26777298.39258472,0.7798917384279319,786.9404565276728,173.2120958470357,5.3793368495443135,4.970123044567027,7.981399659204186,4.947328864589349,-,-,-,-,-,1.8443659189818644e-08,0.9863948603841435,20.0000,7.0000,141.2500,7.833712631158487
-2.550855511920963,0.26092098918751766,9651505.746307196,wide_binary,0,8.629320358896976,27.361571008893996,1.4,342.9654959644244,73504675.22185443,0.2513534589839142,909.0918812155063,680.5884923377953,5.391814230373752,3.95372659630692,8.215561512503637,4.9042332982663,-,-,-,-,-,0.3668511569262365,0.6193612172113657,20.0000,27.0000,79.4300,7.996772291396791
-2.259509289191545,0.0282259471646352,9652729.699727599,wide_binary,0,9.273622671745246,25.3094976260923,1.4,2599.846707021919,20833506780.476276,0.2947873742130426,3674.9653996435663,2591.631999158855,5.408910794316876,3.7817673526217797,8.38507587975054,4.9589375173126085,-,-,-,-,-,0.3778070329490002,0.6083975209368436,20.0000,25.0000,794.3300,8.180566127584093
-2.244479671810699,0.013962319440522624,9651556.135596143,wide_binary,0,9.402425514212048,23.263301444468105,1.4,4226.332789876786,91759441810.39038,0.32446692233115265,5204.113160495616,3515.550579846555,5.428828897419774,3.8230122295725653,8.650080560876125,5.142777915119157,-,-,-,-,-,0.39004801689748214,0.5961848603085913,20.0000,23.0000,1412.5400,8.408164263340444
-2.194036695160999,0.3375977165016643,9651895.178609906,wide_binary,0,8.040556096774301,5.0260942103978135,1.4,50.845682999782525,10000000000.0,1.0333735982316408,-4075.127743057109,136.00167603940045,5.384032360312278,4.95540409895357,8.025905624747475,4.88736190360194,-,-,-,-,-,0.0004999941864339594,0.9858905788599925,20.0000,5.0000,446.6800,7.729839384552025
-2.002581401078135,0.08225563453329761,10058468.46435484,wide_binary,0,4.932631548806211,7.422228593423159,1.4,2.4936272308485905,691.7937945145825,0.4004239417962645,29.829281809836136,17.884923206589946,5.086994463868186,4.881871732872781,4.932631548806211,3.2482739387914052,-,-,-,-,-,2.434421107865223e-24,0.9863971840416224,20.0000,7.0000,4.4700,4.490105753919409
-2.5508389620863694,0.26274056034394,9651719.833723819,wide_binary,0,8.41349994046527,13.148354181639805,1.4,167.7235605790224,48693549.58172044,0.48208201786263827,687.6232310907543,356.1324363172962,5.387740766205984,4.055767559749532,8.086629447107537,4.841046230905854,-,-,-,-,-,0.3720380362968631,0.6141816486696434,20.0000,13.0000,79.4300,7.888089820630997
4.044608295176011e-10,5.559463222129352,9650801.610977855,CE_merger,1,-,-,-,-,-,-,-,-,-,-,-,-,-,-,-,-,-,-,-,20.0000,3.0000,79.4300,
-2.653663091029152,0.211056293406575,9650984.211743806,wide_binary,0,8.096051208908522,21.428935623020653,1.4,57.09122117419405,877350.8467615399,0.29331420962772514,272.8160276435952,192.79521012153847,5.388210253007265,4.960665928627875,8.096051208908522,4.95280246471481,-,-,-,-,-,7.944716367994982e-05,0.9863119518900643,20.0000,21.0000,14.1300,7.817679665938055
1.2955324850400458e-10,3.3282184067113194,9652437.779998796,CE_merger,1,-,-,-,-,-,-,-,-,-,-,-,-,-,-,-,-,-,-,-,20.0000,3.0000,251.1900,
-2.550932655533886,0.2390068357216649,9650457.706235379,wide_binary,0,7.573051690508283,19.34396810630788,1.4,53.95126608220438,824834.5724238367,0.29758297249942056,256.29206969939884,180.023913770223,5.357804243626511,4.9853143523621535,7.573051690508283,4.829563678378246,-,-,-,-,-,8.209570828342457e-20,0.9863961846680742,20.0000,19.0000,14.1300,7.329289201902176
-2.516261181549332,0.2505565198271595,9650769.748188354,wide_binary,0,8.002478575471427,17.217273998355854,1.4,80.92599113516526,3373281.642332214,0.3546426064339236,357.677907333465,230.83008201289357,5.383372479630605,4.974053457595901,8.002478575471427,5.0007845684691,-,-,-,-,-,2.0075796204829952e-08,0.9863949612620665,20.0000,17.0000,25.1200,7.73101815511137
-2.499910027113183,0.2556406817166684,9651606.675363772,wide_binary,0,8.769879973575463,17.194903272593148,1.4,399.2580704556052,284442971.543721,0.39633870988927694,1118.9847194983413,675.4877593865542,5.403595075848294,3.9321578201512413,8.31812136447624,4.942577377039433,-,-,-,-,-,0.36803002157185216,0.6181848048014036,20.0000,17.0000,141.2500,8.049088377273431
-2.452286401268158,0.2611375752914607,9652734.681704933,wide_binary,0,8.548681327825587,9.078066588637983,1.4,244.79725359572387,413846527.90298325,0.6822519467071674,1348.4421129555626,428.4648563697039,5.3931156585594495,3.994980740624497,8.172787737954152,4.884671663755493,-,-,-,-,-,0.3694877600261148,0.6167338411728018,20.0000,9.0000,251.1900,7.9712923392353146
-3.211724689962906,-0.006536868953835745,9656162.082433406,wide_binary,0,9.668638639250652,33.84983685127995,1.4,6869.397645636811,174476219493.04254,0.2345723945939455,6986.392621088488,5347.57777438629,5.414184319766309,3.747394955802715,8.462747274912909,4.9834777277261,-,-,-,-,-,0.390214100165275,0.595985251836182,20.0000,33.0000,2511.8900,8.213814654684983
-2.5383646152981685,0.24860749057424186,9650964.381717449,wide_binary,0,8.435246306962558,15.172040868840286,1.4,116.05196708987253,12956007.613712622,0.42452503965221544,498.9733845730153,287.1466887017558,5.394742503605471,4.1452342809534155,8.175966068672226,4.9180371666240355,-,-,-,-,-,0.3497182694067321,0.6365378510171795,20.0000,15.0000,44.6700,8.02319804932025
